component_code,component_title,component_concept_id,class_code,class_title,class_concept_id
Aspirin,Aspirin,35802900,nsaids,NSAIDs,
abemaciclib,Abemaciclib,35802858,cdk4_6_inhibitors,CDK4/6 inhibitors,
abemaciclib,Abemaciclib,35802858,kinase_inhibitors,Kinase Inhibitors,
abemaciclib,Abemaciclib,35802858,targeted_therapy,Targeted Therapy,
acalabrutinib,Acalabrutinib,35802861,btk_inhibitors,BTK Inhibitors,
acalabrutinib,Acalabrutinib,35802861,covalent_btk_inhibitors,Covalent BTK Inhibitors,
acalabrutinib,Acalabrutinib,35802861,kinase_inhibitors,Kinase Inhibitors,
acalabrutinib,Acalabrutinib,35802861,targeted_therapy,Targeted Therapy,
acalabrutinib,Acalabrutinib,35802861,tyrosine_kinase_inhibitors_(tkis),Tyrosine Kinase Inhibitors (TKIs),
acyclovir,Acyclovir,35802865,antiviral_prophylaxis,Antiviral Prophylaxis,
acyclovir,Acyclovir,35802865,antivirals,Antivirals,35804586
adjuvant_chemotherapy,Adjuvant Chemotherapy,,chemotherapy,Chemotherapy,
adjuvant_hormonal_therapy,Adjuvant Hormonal Therapy,,hormonal_therapy,Hormonal Therapy,
adjuvant_radiotherapy,Adjuvant Radiotherapy,,radiotherapy,Radiotherapy,
agsct,Allogeneic Stem Cell Transplant,,stem_cell_transplant,Stem Cell Transplant,
alemtuzumab,Alemtuzumab,35802871,anti_cd52_monoclonal_antibodies,Anti-CD52 Monoclonal Antibodies,
alemtuzumab,Alemtuzumab,35802871,immunosuppressive_drugs,Immunosuppressive Drugs,
alemtuzumab,Alemtuzumab,35802871,immunotherapy,Immunotherapy,
alemtuzumab,Alemtuzumab,35802871,monoclonal_antibodies,Monoclonal Antibodies,
allopurinol,Allopurinol,35802875,antiviral_prophylaxis,Antiviral Prophylaxis,
allopurinol,Allopurinol,35802875,antivirals,Antivirals,35804586
alpelisib,Alpelisib,35101867,kinase_inhibitors,Kinase Inhibitors,
alpelisib,Alpelisib,35101867,pi3k_inhibitors,PI3K Inhibitors,
alpelisib,Alpelisib,35101867,targeted_therapy,Targeted Therapy,
analgesic_opioid_agent,Analgesic Opioid Agent,,opioid_therapies,Opioid Therapies,
anastrozole,Anastrozole,35802887,aromatase_inhibitors,Aromatase Inhibitors,35804304
anastrozole,Anastrozole,35802887,hormonal_therapy,Hormonal Therapy,
antiviral,Antiviral,,antivirals,Antivirals,35804586
asct,Autologous Stem Cell Transplant (ASCT),,stem_cell_transplant,Stem Cell Transplant,
atezolizumab,Atezolizumab,35802902,anti_pd_l1_monoclonal_antibodies,Anti–PD-L1 Monoclonal Antibodies,
atezolizumab,Atezolizumab,35802902,immune_checkpoint_inhibitors,Immune Checkpoint Inhibitors,
atezolizumab,Atezolizumab,35802902,immunotherapy,Immunotherapy,
atezolizumab,Atezolizumab,35802902,monoclonal_antibodies,Monoclonal Antibodies,
atezolizumab,Atezolizumab,35802902,targeted_therapy,Targeted Therapy,
axicabtagene_ciloleucel,Axicabtagene Ciloleucel,35802907,anti_cd19_car-t,Anti-CD19 CAR-T,
axicabtagene_ciloleucel,Axicabtagene Ciloleucel,35802907,car_t_cell_therapy,CAR-T Cell Therapy,
axicabtagene_ciloleucel,Axicabtagene Ciloleucel,35802907,immunotherapy,Immunotherapy,
axillary_lymph_node_dissection_(alnd),Axillary Lymph Node Dissection (ALND),,surgery,Surgery,
belantamab_mafodotin,Belantamab Mafodotin,911953,anti_bcma_adcs,Anti–BCMA ADCs,
belantamab_mafodotin,Belantamab Mafodotin,911953,antibody_drug_conjugate_(adcs),Antibody-Drug Conjugate (ADCs),
belantamab_mafodotin,Belantamab Mafodotin,911953,immunotherapy,Immunotherapy,
belantamab_mafodotin,Belantamab Mafodotin,911953,targeted_therapy,Targeted Therapy,
bendamustine,Bendamustine,35802918,chemotherapy,Chemotherapy,
bendamustine,Bendamustine,35802918,chemotherapy_(alkylating_agent),Chemotherapy (Alkylating Agent),
bendamustine,Bendamustine,35802918,immunosuppressive_drugs,Immunosuppressive Drugs,
blinatumomab,Blinatumomab,35802927,anti_cd19_anti_cd3_bites,Anti-CD19 / Anti-CD3 BiTEs,
blinatumomab,Blinatumomab,35802927,bispecific_antibodies,Bispecific Antibodies,
blinatumomab,Blinatumomab,35802927,bispecific_t_cell_engagers_(bites),Bispecific T-Cell Engagers (BiTEs),
blinatumomab,Blinatumomab,35802927,immunomodulatory_drugs_(imids),Immunomodulatory Drugs (IMiDs),35807403
blinatumomab,Blinatumomab,35802927,immunotherapy,Immunotherapy,
blinatumomab,Blinatumomab,35802927,targeted_therapy,Targeted Therapy,
bortezomib_(velcade),Bortezomib (Velcade),,immunosuppressive_drugs,Immunosuppressive Drugs,
bortezomib_(velcade),Bortezomib (Velcade),,proteasome_inhibitors,Proteasome Inhibitors,
bortezomib_(velcade),Bortezomib (Velcade),,targeted_therapy,Targeted Therapy,
brexucabtagene_autoleucel,Brexucabtagene autoleucel,905596,anti_cd19_car-t,Anti-CD19 CAR-T,
brexucabtagene_autoleucel,Brexucabtagene autoleucel,905596,car_t_cell_therapy,CAR-T Cell Therapy,
brexucabtagene_autoleucel,Brexucabtagene autoleucel,905596,immunotherapy,Immunotherapy,
bupropion,Bupropion,750982,antidepressants,Antidepressants,
bupropion,Bupropion,750982,cyp3a4_inhibitors,CYP3A4 Inhibitors,
bupropion,Bupropion,750982,cyp450_modulators,CYP450 Modulators,
capecitabine,Capecitabine,35802939,chemotherapy,Chemotherapy,
capivasertib,Capivasertib,35802856,akt_inhibitors,AKT Inhibitors,
capivasertib,Capivasertib,35802856,kinase_inhibitors,Kinase Inhibitors,
capivasertib,Capivasertib,35802856,targeted_therapy,Targeted Therapy,
carbamazepine,Carbamazepine,740275,anti_seizure_meds,Anti-seizure meds,
carbamazepine,Carbamazepine,740275,cyp3a4_inducers,CYP3A4 Inducers,
carbamazepine,Carbamazepine,740275,cyp450_modulators,CYP450 Modulators,
carboplatin,Carboplatin,35802941,chemotherapy,Chemotherapy,
carboplatin,Carboplatin,35802941,chemotherapy_(alkylating_agent),Chemotherapy (Alkylating Agent),
carboplatin,Carboplatin,35802941,immunosuppressive_drugs,Immunosuppressive Drugs,
carboplatin,Carboplatin,35802941,platinum_based_chemotherapy,Platinum-Based Chemotherapy,
carfilzomib,Carfilzomib,35802942,immunosuppressive_drugs,Immunosuppressive Drugs,
carfilzomib,Carfilzomib,35802942,proteasome_inhibitors,Proteasome Inhibitors,
carfilzomib,Carfilzomib,35802942,targeted_therapy,Targeted Therapy,
chemoimmunotherapy_regimen,Chemoimmunotherapy Regimen,,chemoimmunotherapy,Chemoimmunotherapy,
chlorambucil,Chlorambucil,35802953,chemotherapy,Chemotherapy,
chlorambucil,Chlorambucil,35802953,chemotherapy_(alkylating_agent),Chemotherapy (Alkylating Agent),
chlorambucil,Chlorambucil,35802953,immunosuppressive_drugs,Immunosuppressive Drugs,
ciltacabtagene_autoleucel,Ciltacabtagene autoleucel,1525037,anti_bcma_car_t,Anti-BCMA CAR-T,
ciltacabtagene_autoleucel,Ciltacabtagene autoleucel,1525037,car_t_cell_therapy,CAR-T Cell Therapy,
ciltacabtagene_autoleucel,Ciltacabtagene autoleucel,1525037,immunotherapy,Immunotherapy,
ciprofloxacin,Ciprofloxacin,35802957,antibiotics,Antibiotics,35806360
ciprofloxacin,Ciprofloxacin,35802957,cyp3a4_inhibitors,CYP3A4 Inhibitors,
ciprofloxacin,Ciprofloxacin,35802957,cyp450_modulators,CYP450 Modulators,
cisplatin,Cisplatin,35802958,chemotherapy,Chemotherapy,
cisplatin,Cisplatin,35802958,chemotherapy_(alkylating_agent),Chemotherapy (Alkylating Agent),
cisplatin,Cisplatin,35802958,immunosuppressive_drugs,Immunosuppressive Drugs,
cisplatin,Cisplatin,35802958,platinum_based_chemotherapy,Platinum-Based Chemotherapy,
clarithromycin,Clarithromycin,35802961,antibiotics,Antibiotics,35806360
clarithromycin,Clarithromycin,35802961,cyp3a4_inhibitors,CYP3A4 Inhibitors,
clarithromycin,Clarithromycin,35802961,cyp450_modulators,CYP450 Modulators,
copanlisib,Copanlisib,35802968,kinase_inhibitors,Kinase Inhibitors,
copanlisib,Copanlisib,35802968,pi3k_inhibitors,PI3K Inhibitors,
copanlisib,Copanlisib,35802968,targeted_therapy,Targeted Therapy,
cyclophosphamide,Cyclophosphamide,35802975,chemotherapy,Chemotherapy,
cyclophosphamide,Cyclophosphamide,35802975,chemotherapy_(alkylating_agent),Chemotherapy (Alkylating Agent),
cyclophosphamide,Cyclophosphamide,35802975,immunosuppressive_drugs,Immunosuppressive Drugs,
cytarabine,Cytarabine,35802979,chemotherapy,Chemotherapy,
cytarabine,Cytarabine,35802979,immunosuppressive_drugs,Immunosuppressive Drugs,
dara_rd_triplet,Dara-Rd triplet,,induction_therapy,Induction Therapy,
dara_vmp quadruplet,Dara-VMP quadruplet,,induction_therapy,Induction Therapy,
dara_vrd_quadruplet,Dara-VRd quadruplet,,induction_therapy,Induction Therapy,
daratumumab,Daratumumab,35802992,anti_cd38_monoclonal_antibodies,Anti-CD38 Monoclonal Antibodies,
daratumumab,Daratumumab,35802992,immunotherapy,Immunotherapy,
daratumumab,Daratumumab,35802992,monoclonal_antibodies,Monoclonal Antibodies,
daratumumab,Daratumumab,35802992,targeted_therapy,Targeted Therapy,
denosumab,Denosumab,35803006,bone_modifying_agents,Bone-Modifying Agents,
denosumab,Denosumab,35803006,rankl_inhibitors_supportive_therapy,RANKL Inhibitors Supportive Therapy,
denosumab,Denosumab,35803006,supportive_therapy,Supportive Therapy,
dexamethasone,Dexamethasone,35803008,corticosteroids,Corticosteroids,
dexamethasone,Dexamethasone,35803008,immunosuppressive_drugs,Immunosuppressive Drugs,
diclofenac_potassium,Diclofenac Potassium,,nsaids,NSAIDs,
diclofenac_sodium,Diclofenac Sodium,,nsaids,NSAIDs,
docetaxel,Docetaxel,35803016,chemotherapy,Chemotherapy,
docetaxel,Docetaxel,35803016,immunosuppressive_drugs,Immunosuppressive Drugs,
doxorubicin,Doxorubicin,35803022,chemotherapy,Chemotherapy,
doxorubicin,Doxorubicin,35803022,chemotherapy_(anthracycline),Chemotherapy (Anthracycline),
doxorubicin,Doxorubicin,35803022,immunosuppressive_drugs,Immunosuppressive Drugs,
duvelisib,Duvelisib,35803027,kinase_inhibitors,Kinase Inhibitors,
duvelisib,Duvelisib,35803027,pi3k_inhibitors,PI3K Inhibitors,
duvelisib,Duvelisib,35803027,targeted_therapy,Targeted Therapy,
elacestrant,Elacestrant,1524876,hormonal_therapy,Hormonal Therapy,
elacestrant,Elacestrant,1524876,selective_estrogen_receptor_degraders_serds,Selective Estrogen Receptor Degraders (SERDs),
elotuzumab,Elotuzumab,35803031,anti_slamf7_monoclonal_antibodies,Anti-SLAMF7 Monoclonal Antibodies,
elotuzumab,Elotuzumab,35803031,immunotherapy,Immunotherapy,
elotuzumab,Elotuzumab,35803031,monoclonal_antibodies,Monoclonal Antibodies,
elranatamab,Elranatamab,37557431,anti_bcma_anti_cd3_bites,Anti-BCMA / Anti-CD3 BiTEs,
elranatamab,Elranatamab,37557431,bispecific_antibodies,Bispecific Antibodies,
elranatamab,Elranatamab,37557431,bispecific_t_cell_engagers_(bites),Bispecific T-Cell Engagers (BiTEs),
elranatamab,Elranatamab,37557431,immunotherapy,Immunotherapy,
elranatamab,Elranatamab,37557431,targeted_therapy,Targeted Therapy,
entecavir,Entecavir,1711246,antiviral_prophylaxis,Antiviral Prophylaxis,
entecavir,Entecavir,1711246,antivirals,Antivirals,35804586
entecavir,Entecavir,1711246,hbv_prophylaxis,HBV Prophylaxis,
entrectinib,Entrectinib,35803040,kinase_inhibitors,Kinase Inhibitors,
entrectinib,Entrectinib,35803040,targeted_therapy,Targeted Therapy,
entrectinib,Entrectinib,35803040,tyrosine_kinase_inhibitors_(tkis),Tyrosine Kinase Inhibitors (TKIs),
eribulin,Eribulin,35803049,chemotherapy,Chemotherapy,
erythromycin,Erythromycin,37557308,antibiotics,Antibiotics,35806360
erythromycin,Erythromycin,37557308,cyp3a4_inhibitors,CYP3A4 Inhibitors,
erythromycin,Erythromycin,37557308,cyp450_modulators,CYP450 Modulators,
estrogen,Estrogen,,hormonal_therapy,Hormonal Therapy,
everolimus,Everolimus,35803054,kinase_inhibitors,Kinase Inhibitors,
everolimus,Everolimus,35803054,mtor_inhibitors,mTOR Inhibitors,
everolimus,Everolimus,35803054,targeted_therapy,Targeted Therapy,
exemestane,Exemestane,35803055,aromatase_inhibitors,Aromatase Inhibitors,35804304
exemestane,Exemestane,35803055,hormonal_therapy,Hormonal Therapy,
fluconazole,Fluconazole,35803075,antifungals,Antifungals,35805781
fluconazole,Fluconazole,35803075,cyp3a4_inhibitors,CYP3A4 Inhibitors,
fluconazole,Fluconazole,35803075,cyp450_modulators,CYP450 Modulators,
fludarabine,Fludarabine,35803076,chemotherapy,Chemotherapy,
fludarabine,Fludarabine,35803076,chemotherapy_(alkylating_agent),Chemotherapy (Alkylating Agent),
fludarabine,Fludarabine,35803076,immunosuppressive_drugs,Immunosuppressive Drugs,
fluoxetine,Fluoxetine,755695,antidepressants,Antidepressants,
fluoxetine,Fluoxetine,755695,cyp3a4_inhibitors,CYP3A4 Inhibitors,
fluoxetine,Fluoxetine,755695,cyp450_modulators,CYP450 Modulators,
fluvoxamine,Fluvoxamine,751412,antidepressants,Antidepressants,
fluvoxamine,Fluvoxamine,751412,cyp3a4_inhibitors,CYP3A4 Inhibitors,
fluvoxamine,Fluvoxamine,751412,cyp450_modulators,CYP450 Modulators,
fulvestrant,Fulvestrant,35803089,hormonal_therapy,Hormonal Therapy,
fulvestrant,Fulvestrant,35803089,selective_estrogen_receptor_degraders_serds,Selective Estrogen Receptor Degraders (SERDs),
gemcitabine,Gemcitabine,35803095,chemotherapy,Chemotherapy,
gemcitabine,Gemcitabine,35803095,immunosuppressive_drugs,Immunosuppressive Drugs,
genomic_testing,Genomic Testing,,diagnostic_tool,Diagnostic Tool,
glofitamab,Glofitamab,37557120,anti_cd20_anti_cd3_bites,Anti-CD20 / Anti-CD3 BiTEs,
glofitamab,Glofitamab,37557120,bispecific_antibodies,Bispecific Antibodies,
glofitamab,Glofitamab,37557120,immunotherapy,Immunotherapy,
glofitamab,Glofitamab,37557120,monoclonal_antibodies,Monoclonal Antibodies,
glofitamab,Glofitamab,37557120,targeted_therapy,Targeted Therapy,
grapefruit-juice,Grapefruit juice,43533099,cyp3a4_inhibitors,CYP3A4 Inhibitors,
grapefruit-juice,Grapefruit juice,43533099,cyp450_modulators,CYP450 Modulators,
growth_factor,Growth Factor,,supportive_therapy,Supportive Therapy,
heparin,Heparin,1367571,anticoagulants,Anticoagulants,35101524
herbal_supplement,Herbal Supplement,,herbal_supplements,Herbal Supplements,
high_dose_melphalan,High Dose Melphalan (140-200),,chemotherapy,Chemotherapy,
high_dose_melphalan,High Dose Melphalan (140-200),,chemotherapy_(alkylating_agent),Chemotherapy (Alkylating Agent),
high_dose_melphalan,High Dose Melphalan (140-200),,high_dose_chemotherapy,High Dose Chemotherapy,
high_risk-smoldering_mm_treatment,High-Risk Smoldering MM Treatment,,treatment_for_high_risk_smoldering_multiple_myeloma,Treatment for High-Risk Smoldering Multiple Myeloma,
hiv_antiretroviral,HIV Antiretroviral,,antiretroviral_therapy,Antiretroviral Therapy,
hyperfractionated_cyclophosphamide,Hyperfractionated Cyclophosphamide,,chemotherapy,Chemotherapy,
hyperfractionated_cyclophosphamide,Hyperfractionated Cyclophosphamide,,chemotherapy_(alkylating_agent),Chemotherapy (Alkylating Agent),
hyperfractionated_cyclophosphamide,Hyperfractionated Cyclophosphamide,,immunomodulatory_drugs_(imids),Immunomodulatory Drugs (IMiDs),35807403
ibritumomab_tiuxetan,Ibritumomab tiuxetan,35803112,anti_cd20_monoclonal_antibodies,Anti-CD20 Monoclonal Antibodies,
ibritumomab_tiuxetan,Ibritumomab tiuxetan,35803112,immunosuppressive_drugs,Immunosuppressive Drugs,
ibritumomab_tiuxetan,Ibritumomab tiuxetan,35803112,immunotherapy,Immunotherapy,
ibritumomab_tiuxetan,Ibritumomab tiuxetan,35803112,monoclonal_antibodies,Monoclonal Antibodies,
ibritumomab_tiuxetan,Ibritumomab tiuxetan,35803112,radioimmunotherapy_(rit),Radioimmunotherapy (RIT),
ibritumomab_tiuxetan,Ibritumomab tiuxetan,35803112,radiotherapy,Radiotherapy,
ibritumomab_tiuxetan,Ibritumomab tiuxetan,35803112,targeted_therapy,Targeted Therapy,
ibrutinib,Ibrutinib,35803113,btk_inhibitors,BTK Inhibitors,
ibrutinib,Ibrutinib,35803113,covalent_btk_inhibitors,Covalent BTK Inhibitors,
ibrutinib,Ibrutinib,35803113,kinase_inhibitors,Kinase Inhibitors,
ibrutinib,Ibrutinib,35803113,targeted_therapy,Targeted Therapy,
ibrutinib,Ibrutinib,35803113,tyrosine_kinase_inhibitors_(tkis),Tyrosine Kinase Inhibitors (TKIs),
ibuprofen,Ibuprofen,1177480,nsaids,NSAIDs,
idecabtagene_vicleucel,Idecabtagene vicleucel,35101749,anti_bcma_car_t,Anti-BCMA CAR-T,
idecabtagene_vicleucel,Idecabtagene vicleucel,35101749,car_t_cell_therapy,CAR-T Cell Therapy,
idecabtagene_vicleucel,Idecabtagene vicleucel,35101749,immunotherapy,Immunotherapy,
idelalisib,Idelalisib,35803117,immunosuppressive_drugs,Immunosuppressive Drugs,
idelalisib,Idelalisib,35803117,kinase_inhibitors,Kinase Inhibitors,
idelalisib,Idelalisib,35803117,pi3k_inhibitors,PI3K Inhibitors,
idelalisib,Idelalisib,35803117,targeted_therapy,Targeted Therapy,
immunosuppressant,Immunosuppressant,,immunosuppressive_drugs,Immunosuppressive Drugs,
induction_therapy,Induction Therapy,,induction_therapy,Induction Therapy,
inhaled_corticosteroid,Inhaled corticosteroid,,corticosteroids,Corticosteroids,
inhaled_corticosteroid,Inhaled corticosteroid,,supportive_therapy,Supportive Therapy,
intranasal_corticosteroid,Intranasal corticosteroid,,corticosteroids,Corticosteroids,
intranasal_corticosteroid,Intranasal corticosteroid,,supportive_therapy,Supportive Therapy,
involved_field_radiotherapy_(ifrt),Involved Field Radiotherapy (IFRT),,radiotherapy,Radiotherapy,
ipsilateral-breast-radiation,Ipsilateral Breast Radiation,,radiotherapy,Radiotherapy,
isa_krd quadruplet,Isa-KRd quadruplet,,induction_therapy,Induction Therapy,
isa_vrd_quadruplet,Isa_VRd quadruplet,,induction_therapy,Induction Therapy,
isatuximab,Isatuximab,35803134,anti_cd38_monoclonal_antibodies,Anti-CD38 Monoclonal Antibodies,
isatuximab,Isatuximab,35803134,immunotherapy,Immunotherapy,
isatuximab,Isatuximab,35803134,monoclonal_antibodies,Monoclonal Antibodies,
isatuximab,Isatuximab,35803134,targeted_therapy,Targeted Therapy,
itraconazole,Itraconazole,35803136,antifungals,Antifungals,35805781
itraconazole,Itraconazole,35803136,cyp3a4_inhibitors,CYP3A4 Inhibitors,
itraconazole,Itraconazole,35803136,cyp450_modulators,CYP450 Modulators,
ivig,IVIG (intravenous immunoglobulin),,immunoglobulin_replacement_therapy,Immunoglobulin Replacement Therapy,
ivig,IVIG (intravenous immunoglobulin),,immunotherapy,Immunotherapy,
ixazomib,Ixazomib,35803139,proteasome_inhibitors,Proteasome Inhibitors,
ixazomib,Ixazomib,35803139,targeted_therapy,Targeted Therapy,
kd_doublet,Kd doublet,,induction_therapy,Induction Therapy,
ketoconazole,Ketoconazole,35803140,antifungals,Antifungals,35805781
ketoconazole,Ketoconazole,35803140,cyp3a4_inhibitors,CYP3A4 Inhibitors,
ketoconazole,Ketoconazole,35803140,cyp450_modulators,CYP450 Modulators,
krd_triplet,KRd triplet,,induction_therapy,Induction Therapy,
lamivudine,Lamivudine,35803143,antiviral_prophylaxis,Antiviral Prophylaxis,
lamivudine,Lamivudine,35803143,antivirals,Antivirals,35804586
lamivudine,Lamivudine,35803143,hbv_prophylaxis,HBV Prophylaxis,
lapatinib,Lapatinib,35803146,her2_Inhibitors,HER2 Inhibitors,
lapatinib,Lapatinib,35803146,her2_targeted_therapy,HER2 Targeted Therapy,
lapatinib,Lapatinib,35803146,her2_tyrosine_kinase_inhibitors,HER2 Tyrosine Kinase Inhibitors,
lapatinib,Lapatinib,35803146,kinase_inhibitors,Kinase Inhibitors,
lapatinib,Lapatinib,35803146,targeted_therapy,Targeted Therapy,
lapatinib,Lapatinib,35803146,tyrosine_kinase_inhibitors_(tkis),Tyrosine Kinase Inhibitors (TKIs),
larotrectinib,Larotrectinib,35803148,kinase_inhibitors,Kinase Inhibitors,
larotrectinib,Larotrectinib,35803148,targeted_therapy,Targeted Therapy,
larotrectinib,Larotrectinib,35803148,tyrosine_kinase_inhibitors_(tkis),Tyrosine Kinase Inhibitors (TKIs),
lenalidomide,Lenalidomide (Revlimid),,immunomodulatory_drugs_(imids),Immunomodulatory Drugs (IMiDs),35807403
lenalidomide,Lenalidomide (Revlimid),,immunosuppressive_drugs,Immunosuppressive Drugs,
lenalidomide,Lenalidomide (Revlimid),,immunotherapy,Immunotherapy,
lenalidomide,Lenalidomide (Revlimid),,lenalidomide_based_regimens,Lenalidomide-Based Regimens,
lenalidomide,Lenalidomide (Revlimid),,thalidomide_analogs,Thalidomide Analogs,
letrozole,Letrozole,35803154,aromatase_inhibitors,Aromatase Inhibitors,35804304
letrozole,Letrozole,35803154,hormonal_therapy,Hormonal Therapy,
lhrh_gnrh_agonist,LHRH/GnRH agonist,,hormonal_therapy,Hormonal Therapy,
lisocabtagene_maraleucel,lisocabtagene maraleucel,912085,anti_cd19_car-t,Anti-CD19 CAR-T,
lisocabtagene_maraleucel,lisocabtagene maraleucel,912085,car_t_cell_therapy,CAR-T Cell Therapy,
lisocabtagene_maraleucel,lisocabtagene maraleucel,912085,immunotherapy,Immunotherapy,
low_dose_radiotherapy,Low Dose Radiotherapy,,radiotherapy,Radiotherapy,
lumpectomy,Lumpectomy,,surgery,Surgery,
margetuximab,Margetuximab,912179,anti_her2_monoclonal_antibodies,Anti-HER2 Monoclonal Antibodies,
margetuximab,Margetuximab,912179,her2_Inhibitors,HER2 Inhibitors,
margetuximab,Margetuximab,912179,her2_targeted_therapy,HER2 Targeted Therapy,
margetuximab,Margetuximab,912179,immunotherapy,Immunotherapy,
margetuximab,Margetuximab,912179,monoclonal_antibodies,Monoclonal Antibodies,
margetuximab,Margetuximab,912179,targeted_therapy,Targeted Therapy,
mastectomy,Mastectomy,,surgery,Surgery,
megestrol_acetate,Megestrol acetate,,hormonal_therapy,Hormonal Therapy,
megestrol_acetate,Megestrol acetate,,progestins,Progestins,
melphalan,Melphalan,35803175,chemotherapy,Chemotherapy,
melphalan,Melphalan,35803175,chemotherapy_(alkylating_agent),Chemotherapy (Alkylating Agent),
melphalan,Melphalan,35803175,immunosuppressive_drugs,Immunosuppressive Drugs,
methotrexate,Methotrexate,35803179,chemotherapy,Chemotherapy,
methotrexate,Methotrexate,35803179,immunosuppressive_drugs,Immunosuppressive Drugs,
methylprednisolone,Methylprednisolone,35803181,corticosteroids,Corticosteroids,
methylprednisolone,Methylprednisolone,35803181,immunosuppressive_drugs,Immunosuppressive Drugs,
mineralocorticoid,Mineralocorticoid,,corticosteroids,Corticosteroids,
mineralocorticoid,Mineralocorticoid,,hormonal_therapy,Hormonal Therapy,
mosunetuzumab,Mosunetuzumab,37557145,anti_cd20_anti_cd3_bites,Anti-CD20 / Anti-CD3 BiTEs,
mosunetuzumab,Mosunetuzumab,37557145,bispecific_antibodies,Bispecific Antibodies,
mosunetuzumab,Mosunetuzumab,37557145,immunosuppressive_drugs,Immunosuppressive Drugs,
mosunetuzumab,Mosunetuzumab,37557145,immunotherapy,Immunotherapy,
mosunetuzumab,Mosunetuzumab,37557145,monoclonal_antibodies,Monoclonal Antibodies,
mosunetuzumab,Mosunetuzumab,37557145,targeted_therapy,Targeted Therapy,
nab_paclitaxel,Nab-Paclitaxel,,chemotherapy,Chemotherapy,
nab_paclitaxel,Nab-Paclitaxel,,immunosuppressive_drugs,Immunosuppressive Drugs,
naproxen_sodium,Naproxen Sodium,,nsaids,NSAIDs,
neoadjuvant_chemotherapy,Neoadjuvant Chemotherapy,,chemotherapy,Chemotherapy,
neoadjuvant_hormonal_therapy,Neoadjuvant Hormonal Therapy,,hormonal_therapy,Hormonal Therapy,
neratinib,Neratinib,35803200,her2_Inhibitors,HER2 Inhibitors,
neratinib,Neratinib,35803200,her2_targeted_therapy,HER2 Targeted Therapy,
neratinib,Neratinib,35803200,her2_tyrosine_kinase_inhibitors,HER2 Tyrosine Kinase Inhibitors,
neratinib,Neratinib,35803200,kinase_inhibitors,Kinase Inhibitors,
neratinib,Neratinib,35803200,targeted_therapy,Targeted Therapy,
neratinib,Neratinib,35803200,tyrosine_kinase_inhibitors_(tkis),Tyrosine Kinase Inhibitors (TKIs),
obinutuzumab,Obinutuzumab,35803211,anti_cd20_monoclonal_antibodies,Anti-CD20 Monoclonal Antibodies,
obinutuzumab,Obinutuzumab,35803211,immunosuppressive_drugs,Immunosuppressive Drugs,
obinutuzumab,Obinutuzumab,35803211,immunotherapy,Immunotherapy,
obinutuzumab,Obinutuzumab,35803211,monoclonal_antibodies,Monoclonal Antibodies,
obinutuzumab,Obinutuzumab,35803211,obinutuzumab_based_regimens,Obinutuzumab-Based Regimens,
olaparib,Olaparib,35803216,parp_inhibitors,PARP Inhibitors,
olaparib,Olaparib,35803216,targeted_therapy,Targeted Therapy,
orelabrutinib_ICP022,Orelabrutinib (ICP-022),,btk_inhibitors,BTK Inhibitors,
orelabrutinib_ICP022,Orelabrutinib (ICP-022),,covalent_btk_inhibitors,Covalent BTK Inhibitors,
orelabrutinib_ICP022,Orelabrutinib (ICP-022),,kinase_inhibitors,Kinase Inhibitors,
orelabrutinib_ICP022,Orelabrutinib (ICP-022),,targeted_therapy,Targeted Therapy,
orelabrutinib_ICP022,Orelabrutinib (ICP-022),,tyrosine_kinase_inhibitors_(tkis),Tyrosine Kinase Inhibitors (TKIs),
other_chemotherapy,Other Chemotherapy,,chemotherapy,Chemotherapy,
paclitaxel,Paclitaxel,35803229,chemotherapy,Chemotherapy,
paclitaxel,Paclitaxel,35803229,immunosuppressive_drugs,Immunosuppressive Drugs,
palbociclib,Palbociclib,35803231,cdk4_6_inhibitors,CDK4/6 inhibitors,
palbociclib,Palbociclib,35803231,kinase_inhibitors,Kinase Inhibitors,
palbociclib,Palbociclib,35803231,targeted_therapy,Targeted Therapy,
palliative_radiotherapy,Palliative Radiotherapy,,radiotherapy,Radiotherapy,
pamidronate,Pamidronate,35803233,bisphosphonates_supportive_therapy,Bisphosphonates Supportive Therapy,
pamidronate,Pamidronate,35803233,bone_modifying_agents,Bone-Modifying Agents,
pamidronate,Pamidronate,35803233,supportive_therapy,Supportive Therapy,
panobinostat,Panobinostat (Farydak),,hdac_inhibitors,HDAC Inhibitors,
panobinostat,Panobinostat (Farydak),,immunosuppressive_drugs,Immunosuppressive Drugs,
panobinostat,Panobinostat (Farydak),,targeted_therapy,Targeted Therapy,
paroxetine,Paroxetine,722031,antidepressants,Antidepressants,
paroxetine,Paroxetine,722031,cyp3a4_inhibitors,CYP3A4 Inhibitors,
paroxetine,Paroxetine,722031,cyp450_modulators,CYP450 Modulators,
pembrolizumab,Pembrolizumab,35803244,immune_checkpoint_inhibitors,Immune Checkpoint Inhibitors,
pembrolizumab,Pembrolizumab,35803244,immunotherapy,Immunotherapy,
pembrolizumab,Pembrolizumab,35803244,monoclonal_antibodies,Monoclonal Antibodies,
pembrolizumab,Pembrolizumab,35803244,pd_1_nhibitors,PD-1 Inhibitors,
pertuzumab,Pertuzumab,35803250,anti_her2_monoclonal_antibodies,Anti-HER2 Monoclonal Antibodies,
pertuzumab,Pertuzumab,35803250,her2_Inhibitors,HER2 Inhibitors,
pertuzumab,Pertuzumab,35803250,her2_targeted_therapy,HER2 Targeted Therapy,
pertuzumab,Pertuzumab,35803250,immunotherapy,Immunotherapy,
pertuzumab,Pertuzumab,35803250,monoclonal_antibodies,Monoclonal Antibodies,
pertuzumab,Pertuzumab,35803250,targeted_therapy,Targeted Therapy,
phenobarbital,Phenobarbital,734275,anti_seizure_meds,Anti-seizure meds,
phenobarbital,Phenobarbital,734275,cyp3a4_inducers,CYP3A4 Inducers,
phenobarbital,Phenobarbital,734275,cyp450_modulators,CYP450 Modulators,
phenytoin,Phenytoin,35803251,anti_seizure_meds,Anti-seizure meds,
phenytoin,Phenytoin,35803251,cyp3a4_inducers,CYP3A4 Inducers,
phenytoin,Phenytoin,35803251,cyp450_modulators,CYP450 Modulators,
pirtobrutinib,Pirtobrutinib,905743,btk_inhibitors,BTK Inhibitors,
pirtobrutinib,Pirtobrutinib,905743,kinase_inhibitors,Kinase Inhibitors,
pirtobrutinib,Pirtobrutinib,905743,non_covalent_btk_inhibitors,Non-covalent BTK Inhibitors,
pirtobrutinib,Pirtobrutinib,905743,targeted_therapy,Targeted Therapy,
pirtobrutinib,Pirtobrutinib,905743,tyrosine_kinase_inhibitors_(tkis),Tyrosine Kinase Inhibitors (TKIs),
plasmapheresis,Plasmapheresis,,supportive_therapy,Supportive Therapy,
polatuzumab_vedotin,Polatuzumab Vedotin,35100416,antibody_drug_conjugate_(adcs),Antibody-Drug Conjugate (ADCs),
polatuzumab_vedotin,Polatuzumab Vedotin,35100416,immunotherapy,Immunotherapy,
polatuzumab_vedotin,Polatuzumab Vedotin,35100416,targeted_therapy,Targeted Therapy,
pomalidomide,Pomalidomide,35803260,immunomodulatory_drugs_(imids),Immunomodulatory Drugs (IMiDs),35807403
pomalidomide,Pomalidomide,35803260,immunosuppressive_drugs,Immunosuppressive Drugs,
pomalidomide,Pomalidomide,35803260,immunotherapy,Immunotherapy,
pomalidomide,Pomalidomide,35803260,thalidomide_analogs,Thalidomide Analogs,
posaconazole,Posaconazole,1704139,antifungals,Antifungals,35805781
posaconazole,Posaconazole,1704139,cyp3a4_inhibitors,CYP3A4 Inhibitors,
posaconazole,Posaconazole,1704139,cyp450_modulators,CYP450 Modulators,
prednisone,Prednisone,35803268,corticosteroids,Corticosteroids,
prednisone,Prednisone,35803268,immunosuppressive_drugs,Immunosuppressive Drugs,
prednisone,Prednisone,35803268,supportive_therapy,Supportive Therapy,
rd_doublet,Rd doublet,,induction_therapy,Induction Therapy,
ribociclib,Ribociclib,35803291,cdk4_6_inhibitors,CDK4/6 inhibitors,
ribociclib,Ribociclib,35803291,kinase_inhibitors,Kinase Inhibitors,
ribociclib,Ribociclib,35803291,targeted_therapy,Targeted Therapy,
rifabutin,Rifabutin,1777417,antibiotics,Antibiotics,35806360
rifabutin,Rifabutin,1777417,cyp3a4_inducers,CYP3A4 Inducers,
rifabutin,Rifabutin,1777417,cyp450_modulators,CYP450 Modulators,
rifampin,Rifampin,1763204,antibiotics,Antibiotics,35806360
rifampin,Rifampin,1763204,cyp3a4_inducers,CYP3A4 Inducers,
rifampin,Rifampin,1763204,cyp450_modulators,CYP450 Modulators,
rituximab,Rituximab,35803296,anti_cd20_monoclonal_antibodies,Anti-CD20 Monoclonal Antibodies,
rituximab,Rituximab,35803296,immunosuppressive_drugs,Immunosuppressive Drugs,
rituximab,Rituximab,35803296,immunotherapy,Immunotherapy,
rituximab,Rituximab,35803296,monoclonal_antibodies,Monoclonal Antibodies,
rituximab,Rituximab,35803296,targeted_therapy,Targeted Therapy,
sacituzumab_govitecan,Sacituzumab Govitecan,35803306,antibody_drug_conjugate_(adcs),Antibody-Drug Conjugate (ADCs),
sacituzumab_govitecan,Sacituzumab Govitecan,35803306,immunotherapy,Immunotherapy,
sacituzumab_govitecan,Sacituzumab Govitecan,35803306,targeted_therapy,Targeted Therapy,
selinexor,Selinexor,35803311,targeted_therapy,Targeted Therapy,
selinexor,Selinexor,35803311,xpo1_inhibitors_(targeted_therapy),XPO1 Inhibitors (Targeted Therapy),
sentinel_lymph_node-biopsy_(slnb),Sentinel Lymph Node Biopsy (SLNB),,diagnostic_tool,Diagnostic Tool,
sentinel_lymph_node-biopsy_(slnb),Sentinel Lymph Node Biopsy (SLNB),,surgery,Surgery,
sertraline,Sertraline,739138,antidepressants,Antidepressants,
sertraline,Sertraline,739138,cyp3a4_inhibitors,CYP3A4 Inhibitors,
sertraline,Sertraline,739138,cyp450_modulators,CYP450 Modulators,
splenectomy,Splenectomy,,surgery,Surgery,
st_johns_wort,St. John’s Wort,,cyp3a4_inducers,CYP3A4 Inducers,
st_johns_wort,St. John’s Wort,,cyp450_modulators,CYP450 Modulators,
sulfamethoxazole,Sulfamethoxazole,1836430,cyp2c9_inhibitors,CYP2C9 inhibitors,
sulfamethoxazole,Sulfamethoxazole,1836430,cyp450_modulators,CYP450 Modulators,
sulfamethoxazole,Sulfamethoxazole,1836430,pjp_prophylaxis,PJP/PCP prophylaxis,
systemic_corticosteroid,Systemic Corticosteroid,,corticosteroids,Corticosteroids,
systemic_corticosteroid,Systemic Corticosteroid,,immunosuppressive_drugs,Immunosuppressive Drugs,
systemic_corticosteroid,Systemic Corticosteroid,,supportive_therapy,Supportive Therapy,
talazoparib,Talazoparib,35803326,parp_inhibitors,PARP Inhibitors,
talazoparib,Talazoparib,35803326,targeted_therapy,Targeted Therapy,
talquetamab,Talquetamab,37557177,anti_gprc5d_anti_cd3_bites,Anti-GPRC5D /Anti-CD3 BiTEs,
talquetamab,Talquetamab,37557177,bispecific_antibodies,Bispecific Antibodies,
talquetamab,Talquetamab,37557177,bispecific_t_cell_engagers_(bites),Bispecific T-Cell Engagers (BiTEs),
talquetamab,Talquetamab,37557177,immunotherapy,Immunotherapy,
talquetamab,Talquetamab,37557177,targeted_therapy,Targeted Therapy,
tamoxifen,Tamoxifen,35803329,hormonal_therapy,Hormonal Therapy,
tamoxifen,Tamoxifen,35803329,selective_estrogen_receptor_modulators (serms),Selective Estrogen Receptor Modulators (SERMs),
tazemetostat,Tazemetostat,42542441,ezh2_inhibitors,EZH2 Inhibitors,
tazemetostat,Tazemetostat,42542441,targeted_therapy,Targeted Therapy,
teclistamab,Teclistamab,905786,anti_bcma_anti_cd3_bites,Anti-BCMA / Anti-CD3 BiTEs,
teclistamab,Teclistamab,905786,bispecific_antibodies,Bispecific Antibodies,
teclistamab,Teclistamab,905786,bispecific_t_cell_engagers_(bites),Bispecific T-Cell Engagers (BiTEs),
teclistamab,Teclistamab,905786,immunotherapy,Immunotherapy,
teclistamab,Teclistamab,905786,targeted_therapy,Targeted Therapy,
tenofovir,Tenofovir,19011093,antiviral_prophylaxis,Antiviral Prophylaxis,
tenofovir,Tenofovir,19011093,antivirals,Antivirals,35804586
tenofovir,Tenofovir,19011093,hbv_prophylaxis,HBV Prophylaxis,
thalidomide,Thalidomide,35803338,immunomodulatory_drugs_(imids),Immunomodulatory Drugs (IMiDs),35807403
thalidomide,Thalidomide,35803338,immunosuppressive_drugs,Immunosuppressive Drugs,
thalidomide,Thalidomide,35803338,immunotherapy,Immunotherapy,
tisagenlecleucel,Tisagenlecleucel,35803347,anti_cd19_car-t,Anti-CD19 CAR-T,
tisagenlecleucel,Tisagenlecleucel,35803347,car_t_cell_therapy,CAR-T Cell Therapy,
tisagenlecleucel,Tisagenlecleucel,35803347,immunotherapy,Immunotherapy,
topical_corticosteroid,Topical corticosteroid,,corticosteroids,Corticosteroids,
topical_corticosteroid,Topical corticosteroid,,supportive_therapy,Supportive Therapy,
topiramate,Topiramate,742267,anti_seizure_meds,Anti-seizure meds,
topiramate,Topiramate,742267,cyp3a4_inducers,CYP3A4 Inducers,
topiramate,Topiramate,742267,cyp450_modulators,CYP450 Modulators,
trastuzumab,Trastuzumab,35803361,anti_her2_monoclonal_antibodies,Anti-HER2 Monoclonal Antibodies,
trastuzumab,Trastuzumab,35803361,her2_Inhibitors,HER2 Inhibitors,
trastuzumab,Trastuzumab,35803361,her2_targeted_therapy,HER2 Targeted Therapy,
trastuzumab,Trastuzumab,35803361,immunotherapy,Immunotherapy,
trastuzumab,Trastuzumab,35803361,monoclonal_antibodies,Monoclonal Antibodies,
trastuzumab,Trastuzumab,35803361,targeted_therapy,Targeted Therapy,
trastuzumab_deruxtecan,Trastuzumab Deruxtecan,42542260,anti_her2_adcs,Anti-HER2 ADCs,
trastuzumab_deruxtecan,Trastuzumab Deruxtecan,42542260,antibody_drug_conjugate_(adcs),Antibody-Drug Conjugate (ADCs),
trastuzumab_deruxtecan,Trastuzumab Deruxtecan,42542260,her2_targeted_therapy,HER2 Targeted Therapy,
trastuzumab_deruxtecan,Trastuzumab Deruxtecan,42542260,immunotherapy,Immunotherapy,
trastuzumab_deruxtecan,Trastuzumab Deruxtecan,42542260,targeted_therapy,Targeted Therapy,
trastuzumab_emtansine,Trastuzumab Emtansine,35802866,anti_her2_adcs,Anti-HER2 ADCs,
trastuzumab_emtansine,Trastuzumab Emtansine,35802866,antibody_drug_conjugate_(adcs),Antibody-Drug Conjugate (ADCs),
trastuzumab_emtansine,Trastuzumab Emtansine,35802866,her2_targeted_therapy,HER2 Targeted Therapy,
trastuzumab_emtansine,Trastuzumab Emtansine,35802866,immunotherapy,Immunotherapy,
trastuzumab_emtansine,Trastuzumab Emtansine,35802866,targeted_therapy,Targeted Therapy,
trimethoprim,Trimethoprim,1705674,cyp2c8_inhibitors,CYP2C8 inhibitors,
trimethoprim,Trimethoprim,1705674,cyp450_modulators,CYP450 Modulators,
trimethoprim,Trimethoprim,1705674,pjp_prophylaxis,PJP/PCP prophylaxis,
tucatinib,Tucatinib,911976,her2_Inhibitors,HER2 Inhibitors,
tucatinib,Tucatinib,911976,her2_targeted_therapy,HER2 Targeted Therapy,
tucatinib,Tucatinib,911976,her2_tyrosine_kinase_inhibitors,HER2 Tyrosine Kinase Inhibitors,
tucatinib,Tucatinib,911976,kinase_inhibitors,Kinase Inhibitors,
tucatinib,Tucatinib,911976,targeted_therapy,Targeted Therapy,
tucatinib,Tucatinib,911976,tyrosine_kinase_inhibitors_(tkis),Tyrosine Kinase Inhibitors (TKIs),
ublituximab,Ublituximab,35803369,anti_cd20_monoclonal_antibodies,Anti-CD20 Monoclonal Antibodies,
ublituximab,Ublituximab,35803369,immunosuppressive_drugs,Immunosuppressive Drugs,
ublituximab,Ublituximab,35803369,immunotherapy,Immunotherapy,
ublituximab,Ublituximab,35803369,monoclonal_antibodies,Monoclonal Antibodies,
ublituximab,Ublituximab,35803369,targeted_therapy,Targeted Therapy,
umbralisib,Umbralisib,912199,kinase_inhibitors,Kinase Inhibitors,
umbralisib,Umbralisib,912199,pi3k_inhibitors,PI3K Inhibitors,
umbralisib,Umbralisib,912199,targeted_therapy,Targeted Therapy,
valacyclovir,Valacyclovir,35803374,antiviral_prophylaxis,Antiviral Prophylaxis,
valacyclovir,Valacyclovir,35803374,antivirals,Antivirals,35804586
vcd_triplet,VCD triplet,,induction_therapy,Induction Therapy,
venetoclax,Venetoclax,35803383,bcl_2_inhibitors,BCL-2 Inhibitors,
venetoclax,Venetoclax,35803383,targeted_therapy,Targeted Therapy,
vincristine,Vincristine,35803385,chemotherapy,Chemotherapy,
vincristine,Vincristine,35803385,immunosuppressive_drugs,Immunosuppressive Drugs,
vinorelbine,Vinorelbine,35803389,chemotherapy,Chemotherapy,
vmp_triplet,VMP triplet,,induction_therapy,Induction Therapy,
voriconazole,Voriconazole,35803393,antifungals,Antifungals,35805781
voriconazole,Voriconazole,35803393,cyp3a4_inhibitors,CYP3A4 Inhibitors,
voriconazole,Voriconazole,35803393,cyp450_modulators,CYP450 Modulators,
vrd_lite_triplet,VRd-lite triplet,,induction_therapy,Induction Therapy,
vrd_triplet,VRd triplet,,induction_therapy,Induction Therapy,
vtd_triplet,VTd triplet,,induction_therapy,Induction Therapy,
warfarin,Warfarin,35803396,anticoagulants,Anticoagulants,35101524
zanubrutinib,Zanubrutinib,42542411,btk_inhibitors,BTK Inhibitors,
zanubrutinib,Zanubrutinib,42542411,covalent_btk_inhibitors,Covalent BTK Inhibitors,
zanubrutinib,Zanubrutinib,42542411,kinase_inhibitors,Kinase Inhibitors,
zanubrutinib,Zanubrutinib,42542411,targeted_therapy,Targeted Therapy,
zanubrutinib,Zanubrutinib,42542411,tyrosine_kinase_inhibitors_(tkis),Tyrosine Kinase Inhibitors (TKIs),
zoledronic_acid,Zoledronic Acid,35803399,bisphosphonates_supportive_therapy,Bisphosphonates Supportive Therapy,
zoledronic_acid,Zoledronic Acid,35803399,bone_modifying_agents,Bone-Modifying Agents,
zoledronic_acid,Zoledronic Acid,35803399,supportive_therapy,Supportive Therapy,
