therapy_code,disease,round
orelabrutinib,MCL,later_line_therapy
orelabrutinib,MCL,second_line_therapy
orelabrutinib,C2987,later_line_therapy
orelabrutinib,C2987,second_line_therapy
brexu_cel,MCL,later_line_therapy
brexu_cel,MCL,second_line_therapy
palliative_splenectomy,MCL,supportive_therapy
r_chop_r_dhap,MCL,first_line_therapy
r_hcvad_r_ma,MCL,first_line_therapy
r_dhap,MCL,first_line_therapy
r_dhap,MCL,later_line_therapy
r_dhap,MCL,second_line_therapy
vr_cap,MCL,first_line_therapy
vr_cap,MCL,later_line_therapy
vr_cap,MCL,second_line_therapy
abr,MCL,first_line_therapy
r_idelalisib,C2987,later_line_therapy
r_idelalisib,C2987,second_line_therapy
acalabrutinib_venetoclax,C2987,first_line_therapy
acalabrutinib_venetoclax,C2987,later_line_therapy
acalabrutinib_venetoclax,C2987,second_line_therapy
bactrim,C2987,supportive_therapy
bactrim,MCL,supportive_therapy
allopurinol,C2987,supportive_therapy
allopurinol,MCL,supportive_therapy
acyclovir,C2987,supportive_therapy
acyclovir,MCL,supportive_therapy
valacyclovir,C2987,supportive_therapy
valacyclovir,MCL,supportive_therapy
lamivudine,C2987,supportive_therapy
lamivudine,MCL,supportive_therapy
entecavir,C2987,supportive_therapy
entecavir,MCL,supportive_therapy
tenofovir,C2987,supportive_therapy
tenofovir,MCL,supportive_therapy
fc,C2987,first_line_therapy
fc,C2987,second_line_therapy
chlorambucil_obinutuzumab,C2987,first_line_therapy
bendamustine_obinutuzumab,C2987,first_line_therapy
obinutuzumab_methylprednisolone,C2987,first_line_therapy
rituximab_methylprednisolone,C2987,first_line_therapy
pirtobrutinib_jaypirca),C2987,later_line_therapy
pirtobrutinib_jaypirca),MCL,later_line_therapy
pirtobrutinib_jaypirca),MCL,second_line_therapy
alemtuzumab_campath,C2987,later_line_therapy
alemtuzumab_campath,MCL,second_line_therapy
alemtuzumab_campath,MCL,later_line_therapy
fludarabine_monotherapy,C2987,second_line_therapy
fludarabine_monotherapy,MCL,second_line_therapy
fludarabine_monotherapy,MCL,later_line_therapy
fcr,C2987,first_line_therapy
fcr,C2987,second_line_therapy
venetoclax_obinutuzumab,C2987,first_line_therapy
venetoclax_obinutuzumab,C2987,later_line_therapy
venetoclax_obinutuzumab,C2987,second_line_therapy
venetoclax_rituximab,C2987,first_line_therapy
venetoclax_rituximab,C2987,later_line_therapy
venetoclax_rituximab,C2987,second_line_therapy
venetoclax_ibrutinib,C2987,first_line_therapy
venetoclax_ibrutinib,MCL,second_line_therapy
venetoclax_ibrutinib,MCL,later_line_therapy
zanubrutinib_obinutuzumab,C2987,first_line_therapy
zanubrutinib_obinutuzumab,C3209,later_line_therapy
zanubrutinib_obinutuzumab,C3209,second_line_therapy
ibrutinib_obinutuzumab,C2987,first_line_therapy
acalabrutinib_obinutuzumab,C2987,first_line_therapy
acalabrutinib_obinutuzumab,C2987,second_line_therapy
zanubrutinib+rituximab,C2987,first_line_therapy
zanubrutinib+rituximab,MCL,first_line_therapy
ibrutinib_rituximab,C2987,first_line_therapy
acalabrutinib_rituximab,C2987,first_line_therapy
ibrutinib_imbruvica_monotherapy,C2987,first_line_therapy
ibrutinib_imbruvica_monotherapy,C2987,later_line_therapy
ibrutinib_imbruvica_monotherapy,C2987,second_line_therapy
ibrutinib_imbruvica_monotherapy,C3209,later_line_therapy
ibrutinib_imbruvica_monotherapy,C3209,second_line_therapy
ibrutinib_imbruvica_monotherapy,MCL,first_line_therapy
ibrutinib_imbruvica_monotherapy,MCL,later_line_therapy
ibrutinib_imbruvica_monotherapy,MCL,second_line_therapy
zanubrutinib_brukinsa_monotherapy,C2987,first_line_therapy
zanubrutinib_brukinsa_monotherapy,C2987,second_line_therapy
zanubrutinib_brukinsa_monotherapy,C2987,supportive_therapy
zanubrutinib_brukinsa_monotherapy,MCL,later_line_therapy
zanubrutinib_brukinsa_monotherapy,MCL,second_line_therapy
acalabrutinib_calquence_monotherapy,C2987,first_line_therapy
acalabrutinib_calquence_monotherapy,C2987,later_line_therapy
acalabrutinib_calquence_monotherapy,C2987,second_line_therapy
acalabrutinib_calquence_monotherapy,MCL,later_line_therapy
acalabrutinib_calquence_monotherapy,MCL,second_line_therapy
induction_therapy,MCL,supportive_therapy
induction_therapy,C3242,supportive_therapy
asct_hdm,C3242,later_line_therapy
asct_hdm,C3242,second_line_therapy
asct_hdm,C3242,first_line_therapy
high_risk-smoldering_mm_treatment,C3242,first_line_therapy
sd,C3242,later_line_therapy
pd,C3242,later_line_therapy
kd,C3242,later_line_therapy
kd,C3242,second_line_therapy
dcybord,C3242,first_line_therapy
dara_kd,C3242,later_line_therapy
dara_kd,C3242,second_line_therapy
isa_pd,C3242,later_line_therapy
isa_pd,C3242,second_line_therapy
dara_pd,C3242,later_line_therapy
dara_pd,C3242,second_line_therapy
pvd,C3242,later_line_therapy
pvd,C3242,second_line_therapy
vtd,C3242,first_line_therapy
cataflam,C9335,supportive_therapy
cataflam,C3209,supportive_therapy
cataflam,MCL,supportive_therapy
cataflam,C3242,supportive_therapy
voltaren,C9335,supportive_therapy
voltaren,C3209,supportive_therapy
voltaren,MCL,supportive_therapy
voltaren,C3242,supportive_therapy
aleve,C9335,supportive_therapy
aleve,C3209,supportive_therapy
aleve,MCL,supportive_therapy
aleve,C3242,supportive_therapy
advil_motrin_ib_ibuprofen,C9335,supportive_therapy
advil_motrin_ib_ibuprofen,C3209,supportive_therapy
advil_motrin_ib_ibuprofen,MCL,supportive_therapy
advil_motrin_ib_ibuprofen,C3242,supportive_therapy
neratinib_(nerlynx)_maintenance,C9335,supportive_therapy
lapatinib_(tykerb)_maintenance,C9335,supportive_therapy
trastuzumab_deruxtecan_t_dxd_enhertu_maintenance,C9335,supportive_therapy
trastuzumab_emtansine_(t_dm1_kadcyla)_maintenance,C9335,supportive_therapy
pertuzumab_(perjeta)_maintenance,C9335,supportive_therapy
trastuzumab _(herceptin)_maintenance,C9335,supportive_therapy
sentinel_lymph_node_biopsy,C9335,supportive_therapy
noadjuvant_hormonal_therapy,C9335,supportive_therapy
adjuvant_hormonal_therapy,C9335,supportive_therapy
neoadjuvant_chemotherapy,C9335,supportive_therapy
adjuvant_chemotherapy,C9335,supportive_therapy
ixazomib_maintenance,MCL,supportive_therapy
ixazomib_maintenance,C3242,supportive_therapy
bortezomib_(velcade)_maintenance,MCL,supportive_therapy
bortezomib_(velcade)_maintenance,C3242,supportive_therapy
plasmapheresis,MCL,supportive_therapy
plasmapheresis,C3242,supportive_therapy
ivig,C9335,supportive_therapy
ivig,C2987,supportive_therapy
ivig,C3209,supportive_therapy
ivig,MCL,supportive_therapy
ivig,C3242,supportive_therapy
ibritumomab_tiuxetan_radioimmunotherapy,C3209,supportive_therapy
ibritumomab_tiuxetan_radioimmunotherapy,MCL,supportive_therapy
lenalidomide_maintenance,C2987,supportive_therapy
lenalidomide_maintenance,C3209,supportive_therapy
lenalidomide_maintenance,MCL,supportive_therapy
lenalidomide_maintenance,C3242,supportive_therapy
rituximab_maintenance_therapy,C2987,supportive_therapy
rituximab_maintenance_therapy,C3209,supportive_therapy
rituximab_maintenance_therapy,MCL,supportive_therapy
exemestane_maintenance,C9335,supportive_therapy
letrozole_maintenance,C9335,supportive_therapy
anastrozole_maintenance,C9335,supportive_therapy
tamoxifen_maintenance,C9335,supportive_therapy
contraceptives,C9335,supportive_therapy
hrt,C9335,supportive_therapy
abemaciclib,C9335,supportive_therapy
ribociclib,C9335,supportive_therapy
palbociclib,C9335,supportive_therapy
lhrh_gnrh_agonists,C9335,supportive_therapy
esa,C9335,supportive_therapy
esa,C2987,supportive_therapy
esa,C3209,supportive_therapy
esa,MCL,supportive_therapy
esa,C3242,supportive_therapy
gm_csf,C9335,supportive_therapy
gm_csf,C3209,supportive_therapy
gm_csf,MCL,supportive_therapy
gm_csf,C3242,supportive_therapy
g_csf,C9335,supportive_therapy
g_csf,C2987,supportive_therapy
g_csf,C3209,supportive_therapy
g_csf,MCL,supportive_therapy
g_csf,C3242,supportive_therapy
denosumab,C9335,supportive_therapy
denosumab,C3209,supportive_therapy
denosumab,C3242,supportive_therapy
zoledronic_acid,C9335,supportive_therapy
zoledronic_acid,C3209,supportive_therapy
zoledronic_acid,C3242,supportive_therapy
pamidronate,C9335,supportive_therapy
pamidronate,C3209,supportive_therapy
pamidronate,C3242,supportive_therapy
grapefruit_juice,C9335,supportive_therapy
grapefruit_juice,C2987,supportive_therapy
grapefruit_juice,C3209,supportive_therapy
grapefruit_juice,MCL,supportive_therapy
grapefruit_juice,C3242,supportive_therapy
st_john_s_wort,C9335,supportive_therapy
st_john_s_wort,C2987,supportive_therapy
st_john_s_wort,C3209,supportive_therapy
st_john_s_wort,MCL,supportive_therapy
st_john_s_wort,C3242,supportive_therapy
topiramate,C9335,supportive_therapy
topiramate,C3209,supportive_therapy
topiramate,MCL,supportive_therapy
topiramate,C3242,supportive_therapy
phenobarbital,C9335,supportive_therapy
phenobarbital,C3209,supportive_therapy
phenobarbital,MCL,supportive_therapy
phenobarbital,C3242,supportive_therapy
phenytoin,C9335,supportive_therapy
phenytoin,C2987,supportive_therapy
phenytoin,C3209,supportive_therapy
phenytoin,MCL,supportive_therapy
phenytoin,C3242,supportive_therapy
carbamazepine,C9335,supportive_therapy
carbamazepine,C2987,supportive_therapy
carbamazepine,C3209,supportive_therapy
carbamazepine,MCL,supportive_therapy
carbamazepine,C3242,supportive_therapy
bupropion,C9335,supportive_therapy
bupropion,C3209,supportive_therapy
bupropion,MCL,supportive_therapy
bupropion,C3242,supportive_therapy
sertraline,C9335,supportive_therapy
sertraline,C3209,supportive_therapy
sertraline,MCL,supportive_therapy
sertraline,C3242,supportive_therapy
fluvoxamine,C9335,supportive_therapy
fluvoxamine,C3209,supportive_therapy
fluvoxamine,MCL,supportive_therapy
fluvoxamine,C3242,supportive_therapy
paroxetine,C9335,supportive_therapy
paroxetine,C3209,supportive_therapy
paroxetine,MCL,supportive_therapy
paroxetine,C3242,supportive_therapy
fluoxetine,C9335,supportive_therapy
fluoxetine,C3209,supportive_therapy
fluoxetine,MCL,supportive_therapy
fluoxetine,C3242,supportive_therapy
posaconazole,C9335,supportive_therapy
posaconazole,C2987,supportive_therapy
posaconazole,C3209,supportive_therapy
posaconazole,MCL,supportive_therapy
posaconazole,C3242,supportive_therapy
voriconazole,C9335,supportive_therapy
voriconazole,C2987,supportive_therapy
voriconazole,C3209,supportive_therapy
voriconazole,MCL,supportive_therapy
voriconazole,C3242,supportive_therapy
fluconazole,C9335,supportive_therapy
fluconazole,C2987,supportive_therapy
fluconazole,C3209,supportive_therapy
fluconazole,MCL,supportive_therapy
fluconazole,C3242,supportive_therapy
ketoconazole,C9335,supportive_therapy
ketoconazole,C2987,supportive_therapy
ketoconazole,C3209,supportive_therapy
ketoconazole,MCL,supportive_therapy
ketoconazole,C3242,supportive_therapy
itraconazole,C9335,supportive_therapy
itraconazole,C2987,supportive_therapy
itraconazole,C3209,supportive_therapy
itraconazole,MCL,supportive_therapy
itraconazole,C3242,supportive_therapy
rifabutin,C9335,supportive_therapy
rifabutin,C2987,supportive_therapy
rifabutin,C3209,supportive_therapy
rifabutin,MCL,supportive_therapy
rifabutin,C3242,supportive_therapy
rifampin,C9335,supportive_therapy
rifampin,C2987,supportive_therapy
rifampin,C3209,supportive_therapy
rifampin,MCL,supportive_therapy
rifampin,C3242,supportive_therapy
ciprofloxacin,C9335,supportive_therapy
ciprofloxacin,C2987,supportive_therapy
ciprofloxacin,C3209,supportive_therapy
ciprofloxacin,MCL,supportive_therapy
ciprofloxacin,C3242,supportive_therapy
erythromycin,C9335,supportive_therapy
erythromycin,C2987,supportive_therapy
erythromycin,C3209,supportive_therapy
erythromycin,MCL,supportive_therapy
erythromycin,C3242,supportive_therapy
clarithromycin,C9335,supportive_therapy
clarithromycin,C2987,supportive_therapy
clarithromycin,C3209,supportive_therapy
clarithromycin,MCL,supportive_therapy
clarithromycin,C3242,supportive_therapy
local_palliative_radiotherapy,C9335,supportive_therapy
local_palliative_radiotherapy,C2987,supportive_therapy
local_palliative_radiotherapy,C3209,supportive_therapy
local_palliative_radiotherapy,MCL,supportive_therapy
local_palliative_radiotherapy,C3242,supportive_therapy
herbal_supplements,C9335,supportive_therapy
herbal_supplements,C3209,supportive_therapy
herbal_supplements,MCL,supportive_therapy
herbal_supplements,C3242,supportive_therapy
hiv_antiretroviral_therapy,C9335,supportive_therapy
hiv_antiretroviral_therapy,C2987,supportive_therapy
hiv_antiretroviral_therapy,C3209,supportive_therapy
hiv_antiretroviral_therapy,MCL,supportive_therapy
hiv_antiretroviral_therapy,C3242,supportive_therapy
chronic_opioid_therapy,C9335,supportive_therapy
chronic_opioid_therapy,C2987,supportive_therapy
chronic_opioid_therapy,C3209,supportive_therapy
chronic_opioid_therapy,MCL,supportive_therapy
chronic_opioid_therapy,C3242,supportive_therapy
aspirin_gt_81mg_daily,C9335,supportive_therapy
aspirin_gt_81mg_daily,C2987,supportive_therapy
aspirin_gt_81mg_daily,C3209,supportive_therapy
aspirin_gt_81mg_daily,MCL,supportive_therapy
aspirin_gt_81mg_daily,C3242,supportive_therapy
aspirin_lt_81mg_daily,C9335,supportive_therapy
aspirin_lt_81mg_daily,C2987,supportive_therapy
aspirin_lt_81mg_daily,C3209,supportive_therapy
aspirin_lt_81mg_daily,MCL,supportive_therapy
aspirin_lt_81mg_daily,C3242,supportive_therapy
heparin_anticoagulant,C9335,supportive_therapy
heparin_anticoagulant,C2987,supportive_therapy
heparin_anticoagulant,C3209,supportive_therapy
heparin_anticoagulant,MCL,supportive_therapy
heparin_anticoagulant,C3242,supportive_therapy
warfarin_anticoagulant,C9335,supportive_therapy
warfarin_anticoagulant,C2987,supportive_therapy
warfarin_anticoagulant,C3209,supportive_therapy
warfarin_anticoagulant,MCL,supportive_therapy
warfarin_anticoagulant,C3242,supportive_therapy
antiviral,C9335,supportive_therapy
antiviral,C2987,supportive_therapy
antiviral,C3209,supportive_therapy
antiviral,MCL,supportive_therapy
antiviral,C3242,supportive_therapy
immunosuppressant,C9335,supportive_therapy
immunosuppressant,C2987,supportive_therapy
immunosuppressant,C3209,supportive_therapy
immunosuppressant,MCL,supportive_therapy
immunosuppressant,C3242,supportive_therapy
intranasal_corticosteroids,C9335,supportive_therapy
intranasal_corticosteroids,C2987,supportive_therapy
intranasal_corticosteroids,C3209,supportive_therapy
intranasal_corticosteroids,MCL,supportive_therapy
intranasal_corticosteroids,C3242,supportive_therapy
topical_corticosteroids,C9335,supportive_therapy
topical_corticosteroids,C2987,supportive_therapy
topical_corticosteroids,C3209,supportive_therapy
topical_corticosteroids,MCL,supportive_therapy
topical_corticosteroids,C3242,supportive_therapy
inhaled_corticosteroids,C9335,supportive_therapy
inhaled_corticosteroids,C2987,supportive_therapy
inhaled_corticosteroids,C3209,supportive_therapy
inhaled_corticosteroids,MCL,supportive_therapy
inhaled_corticosteroids,C3242,supportive_therapy
mineralocorticoids,C9335,supportive_therapy
mineralocorticoids,C2987,supportive_therapy
mineralocorticoids,C3209,supportive_therapy
mineralocorticoids,C3242,supportive_therapy
systemic_corticosteroids_gt_20_mg_day,C9335,supportive_therapy
systemic_corticosteroids_gt_20_mg_day,C2987,supportive_therapy
systemic_corticosteroids_gt_20_mg_day,C3209,supportive_therapy
systemic_corticosteroids_gt_20_mg_day,MCL,supportive_therapy
systemic_corticosteroids_gt_20_mg_day,C3242,supportive_therapy
systemic_corticosteroids_gt_10_mg_day,C9335,supportive_therapy
systemic_corticosteroids_gt_10_mg_day,C2987,supportive_therapy
systemic_corticosteroids_gt_10_mg_day,C3209,supportive_therapy
systemic_corticosteroids_gt_10_mg_day,MCL,supportive_therapy
systemic_corticosteroids_gt_10_mg_day,C3242,supportive_therapy
systemic_corticosteroids_gt_5_mg_day,C9335,supportive_therapy
systemic_corticosteroids_gt_5_mg_day,C2987,supportive_therapy
systemic_corticosteroids_gt_5_mg_day,C3209,supportive_therapy
systemic_corticosteroids_gt_5_mg_day,MCL,supportive_therapy
systemic_corticosteroids_gt_5_mg_day,C3242,supportive_therapy
systemic_corticosteroids_lt_5_mg_day,C9335,supportive_therapy
systemic_corticosteroids_lt_5_mg_day,C2987,supportive_therapy
systemic_corticosteroids_lt_5_mg_day,C3209,supportive_therapy
systemic_corticosteroids_lt_5_mg_day,MCL,supportive_therapy
systemic_corticosteroids_lt_5_mg_day,C3242,supportive_therapy
adjuvant_radiotherapy,C9335,supportive_therapy
adjuvant_radiotherapy,MCL,supportive_therapy
axillary_lnd_mastectomy_radiation,C9335,first_line_therapy
axillary_lnd_mastectomy_radiation,C9335,later_line_therapy
axillary_lnd_mastectomy_radiation,C9335,second_line_therapy
axillary_lnd_mastectomy,C9335,first_line_therapy
axillary_lnd_mastectomy,C9335,later_line_therapy
axillary_lnd_mastectomy,C9335,second_line_therapy
axillary_lnd_lumpectomy_radiation,C9335,first_line_therapy
axillary_lnd_lumpectomy_radiation,C9335,second_line_therapy
axillary_lnd_radiation,C9335,later_line_therapy
axillary_lnd_radiation,C9335,second_round_therapy
mastectomy_radiation,C9335,later_line_therapy
mastectomy_radiation,C9335,second_line_therapy
mastectomy_radiation,C9335,first_line_therapy
lumpectomy_radiation,C9335,second_line_therapy
lumpectomy_radiation,C9335,first_line_therapy
pan_bor_dex,C3242,later_line_therapy
talquetamab,C3242,later_line_therapy
rd,C3242,first_line_therapy
u2,C3209,later_line_therapy
u2,C3209,second_line_therapy
umbralisib_monotherapy,C3209,later_line_therapy
mpt,C3242,first_line_therapy
elranatamab_elrexfio,C3242,later_line_therapy
liposomal_doxorubicin,C9335,later_line_therapy
liposomal_doxorubicin,C3242,later_line_therapy
mp,C3242,first_line_therapy
vmp,C3242,first_line_therapy
dara_vmp,C3242,first_line_therapy
chop,C3209,first_line_therapy
lisocabtagene_maraleucel_(breyanzi),C2987,later_line_therapy
lisocabtagene_maraleucel_(breyanzi),C3209,later_line_therapy
lisocabtagene_maraleucel_(breyanzi),C3209,second_line_therapy
lisocabtagene_maraleucel_(breyanzi),MCL,later_line_therapy
lisocabtagene_maraleucel_(breyanzi),MCL,second_line_therapy
glofitamab,C3209,later_line_therapy
exemestane,C9335,first_line_therapy
exemestane,C9335,later_line_therapy
exemestane,C9335,second_line_therapy
anastrozole,C9335,first_line_therapy
anastrozole,C9335,later_line_therapy
anastrozole,C9335,second_line_therapy
letrozole,C9335,first_line_therapy
letrozole,C9335,later_line_therapy
letrozole,C9335,second_line_therapy
mosunetuzumab,C3209,later_line_therapy
blinatumomab,C3209,later_line_therapy
entrectinib,C9335,first_line_therapy
entrectinib,C9335,later_line_therapy
entrectinib,C9335,second_line_therapy
larotrectinib,C9335,first_line_therapy
larotrectinib,C9335,later_line_therapy
larotrectinib,C9335,second_line_therapy
capivasertib,C9335,later_line_therapy
capivasertib,C9335,second_line_therapy
alpelisib_monotherapy,C9335,later_line_therapy
cisplatin,C9335,later_line_therapy
carboplatin,C9335,first_line_therapy
carboplatin,C9335,later_line_therapy
carboplatin,C9335,second_line_therapy
talazoparib,C9335,first_line_therapy
talazoparib,C9335,later_line_therapy
olaparib,C9335,first_line_therapy
olaparib,C9335,second_line_therapy
olaparib,C9335,later_line_therapy
pembrolizumab_chemotherapy,C9335,first_line_therapy
pembrolizumab_chemotherapy,C9335,second_line_therapy
pembrolizumab_chemotherapy,C9335,later_line_therapy
atezolizumab_nab_paclitaxel,C9335,later_line_therapy
trastuzumab_emtansine__(t_dm1_kadcyla),C9335,later_line_therapy
margetuximab,C9335,later_line_therapy
neratinib_(nerlynx),C9335,later_line_therapy
lapatinib_(tykerb),C9335,later_line_therapy
tucatinib_trastuzumab_capecitabine,C9335,later_line_therapy
trastuzumab_deruxtecan_(t_dxd_enhertu),C9335,later_line_therapy
docetaxel,C9335,first_line_therapy
docetaxel,C9335,second_line_therapy
docetaxel,C9335,later_line_therapy
paclitaxel,C9335,first_line_therapy
paclitaxel,C9335,second_line_therapy
paclitaxel,C9335,later_line_therapy
gemcitabine,C9335,later_line_therapy
gemcitabine,MCL,second_line_therapy
gemcitabine,MCL,later_line_therapy
vinorelbine,C9335,later_line_therapy
eribulin,C9335,later_line_therapy
capecitabine,C9335,later_line_therapy
megestrol_acetate,C9335,later_line_therapy
tamoxifen,C9335,first_line_therapy
tamoxifen,C9335,later_line_therapy
tamoxifen,C9335,second_line_therapy
elacestrant,C9335,later_line_therapy
capivasertib_fulvestrant,C9335,later_line_therapy
alpelisib_fulvestrant,C9335,later_line_therapy
other_chemotherapy,C9335,second_line_therapy
sacituzumab_govitecan,C9335,later_line_therapy
sacituzumab_govitecan,C9335,second_line_therapy
atezolizumab,C9335,second_line_therapy
exemestane_everolimus,C9335,later_line_therapy
exemestane_everolimus,C9335,second_line_therapy
fulvestrant,C9335,first_line_therapy
fulvestrant,C9335,later_line_therapy
fulvestrant,C9335,second_line_therapy
genomic_testing,C9335,first_line_therapy
pertuzumab_(perjeta),C9335,first_line_therapy
trastuzumab_(herceptin),C9335,first_line_therapy
mastectomy,C9335,later_line_therapy
mastectomy,C9335,second_line_therapy
mastectomy,C9335,first_line_therapy
lumpectomy,C9335,second_line_therapy
lumpectomy,C9335,first_line_therapy
svd,C3242,later_line_therapy
epd,C3242,later_line_therapy
epd,C3242,second_line_therapy
kpd,C3242,second_line_therapy
isa_krd,C3242,first_line_therapy
isa_vrd,C3242,first_line_therapy
krd,C3242,first_line_therapy
agsct,C2987,later_line_therapy
agsct,C3209,later_line_therapy
agsct,MCL,later_line_therapy
agsct,C3242,later_line_therapy
tisagenlecleucel,C3209,later_line_therapy
melphalan,C3242,first_line_therapy
belantamab_mafodotin,C3242,later_line_therapy
cilta_cel,C3242,later_line_therapy
ide_cel,C3242,later_line_therapy
teclistamab,C3242,later_line_therapy
clinical_trials,C9335,later_line_therapy
clinical_trials,C3209,later_line_therapy
clinical_trials,MCL,later_line_therapy
clinical_trials,C3242,later_line_therapy
axi_cil,C3209,later_line_therapy
axi_cil,C3209,second_line_therapy
duvelisib,C2987,later_line_therapy
duvelisib,C3209,later_line_therapy
duvelisib,C3209,second_line_therapy
copanlisib,C3209,later_line_therapy
copanlisib,C3209,second_line_therapy
idelalisib,C3209,later_line_therapy
idelalisib,C3209,second_line_therapy
polatuzumab_vedotin,C3209,later_line_therapy
polatuzumab_vedotin,C3209,second_line_therapy
bendamustine,C3209,second_line_therapy
lr,C3209,second_line_therapy
lr,MCL,first_line_therapy
lr,MCL,later_line_therapy
lr,MCL,second_line_therapy
rituximab,C3209,first_line_therapy
rituximab,C3209,second_line_therapy
rituximab,MCL,first_line_therapy
rituximab,MCL,later_line_therapy
rituximab,MCL,second_line_therapy
obinutuzumab,C2987,first_line_therapy
obinutuzumab,C3209,later_line_therapy
obinutuzumab,C3209,second_line_therapy
obinutuzumab,MCL,second_line_therapy
obinutuzumab,MCL,later_line_therapy
venetoclax,C3242,later_line_therapy
venetoclax,C3242,second_line_therapy
cyclophosphamide,C3242,later_line_therapy
elotuzumab,C3242,second_line_therapy
isatuximab,C3242,later_line_therapy
isatuximab,C3242,second_line_therapy
bortezomib,MCL,later_line_therapy
bortezomib,MCL,second_line_therapy
bortezomib,C3242,second_line_therapy
pomalidomide,C3242,later_line_therapy
pomalidomide,C3242,second_line_therapy
lenalidomide,MCL,later_line_therapy
lenalidomide,C3242,second_line_therapy
carfilzomib,C3242,later_line_therapy
carfilzomib,C3242,second_line_therapy
daratumumab,C3242,later_line_therapy
daratumumab,C3242,second_line_therapy
tazemetostat,C3209,later_line_therapy
tazemetostat,C3209,second_line_therapy
ixazomib,C3242,later_line_therapy
ixazomib,C3242,second_line_therapy
selinexor,C3242,later_line_therapy
selinexor,C3242,second_line_therapy
thalidomide_monotherapy,C3242,later_line_therapy
thalidomide_monotherapy,C3242,second_line_therapy
ldr,C2987,first_line_therapy
ldr,C3209,first_line_therapy
ldr,C3209,later_line_therapy
ldr,C3209,second_line_therapy
other_lbr,C3209,later_line_therapy
other_lbr,C3209,second_line_therapy
other_lbr,C3242,first_line_therapy
other_lbr,C3242,later_line_therapy
other_lbr,C3242,second_line_therapy
other_obr,C3209,first_line_therapy
ifrt_isrt,C3209,first_line_therapy
ifrt_isrt,MCL,first_line_therapy
br,C2987,first_line_therapy
br,C2987,later_line_therapy
br,C2987,second_line_therapy
br,C3209,first_line_therapy
br,C3209,later_line_therapy
br,MCL,first_line_therapy
br,MCL,later_line_therapy
br,MCL,second_line_therapy
r_cvp,C3209,first_line_therapy
r_cvp,MCL,first_line_therapy
r_chop,C3209,first_line_therapy
r_chop,MCL,first_line_therapy
r_chop,MCL,second_line_therapy
asct,C2987,first_line_therapy
asct,C2987,later_line_therapy
asct,C2987,second_line_therapy
asct,C3209,later_line_therapy
asct,C3209,second_line_therapy
asct,MCL,first_line_therapy
asct,MCL,later_line_therapy
asct,MCL,second_line_therapy
asct,C3242,first_line_therapy
asct,C3242,later_line_therapy
asct,C3242,second_line_therapy
cy_bor_d,C3242,first_line_therapy
vrd_lite,C3242,first_line_therapy
dara_rd,C3242,first_line_therapy
dara_vrd,C3242,first_line_therapy
vrd,C3242,first_line_therapy
